pred_24,pred_48,pred_72,pred_96
-0.0029907227,0.0002670288,4.4473877,5.1413574
0.016296387,0.0034179688,4.4969482,5.221924
-1.5617676,-2.5121155,1.673584,2.8300781
0.00048828125,0.00050354004,4.4570312,5.156494
0.72058105,0.8988037,5.704468,6.4086914
0.9057007,1.6962585,6.1237793,6.3791504
0.00024414062,3.9692535,7.347046,7.029541
0.0,4.444748,5.1539307,6.914551
3.8156128,6.173691,6.092163,4.991211
2.9716797,3.7316895,4.994873,4.2197266
2.796692,2.54776,1.8654785,0.8071289
3.243042,2.9384155,1.5849609,1.1464844
3.9400635,3.326538,2.093872,1.237793
1.8247681,2.2420044,1.1641846,0.7512207
0.6719971,2.357338,1.4959717,0.90185547
0.50561523,1.3255692,0.5650635,0.32666016
0.67126465,2.3570557,1.4941406,0.89404297
0.67126465,2.3570557,1.4941406,0.89404297
0.5023804,1.8074951,0.9244385,0.5444336
0.67126465,2.3570557,1.4941406,0.89404297
0.17407227,-1.2381744,-2.0240479,-1.1135254
0.48309326,0.5447235,-0.15576172,-0.2421875
0.46832275,0.090675354,-0.67907715,-0.4819336
1.0438232,0.3535385,0.017700195,-0.15405273
1.0753784,-0.23005676,-0.4086914,-0.42285156
1.277832,0.6255264,0.18762207,-0.12402344
1.0582886,-0.2464447,-0.6968994,-0.38964844
1.2359009,1.1665344,0.5814209,0.1315918
1.0582886,-0.2464447,-0.6968994,-0.38964844
1.0582886,-0.2464447,-0.6968994,-0.38964844
0.25170898,-0.41501617,-0.87475586,-0.8251953
-0.27441406,-0.76514435,-0.76208496,-0.8847656
-0.7784424,-1.0992432,-0.65270996,-0.9433594
-1.0577393,-1.4590225,-1.2530518,-1.2529297
-0.7784424,-1.0992432,-0.65270996,-0.9433594
-1.6939087,-2.6754913,-3.5943604,-3.298584
-1.1206055,-2.0233536,-2.2407227,-1.7583008
-1.090271,-1.7908325,-1.8873291,-1.8337402
-1.1206055,-2.0233536,-2.2407227,-1.7583008
-0.85424805,-1.4361649,-1.4373779,-1.4465332
-0.6220093,-0.14472961,0.57177734,4.185791
-0.03314209,-1.2639847,-0.7615967,0.91186523
1.0003662,1.0017166,3.0384521,4.8032227
0.33374023,0.6582031,1.1181641,3.84375
-1.1500244,-0.73334503,-1.5482178,3.0268555
0.33374023,0.6582031,1.1181641,3.84375
0.33374023,0.6582031,1.1181641,3.84375
-0.61639404,-0.008094788,0.7845459,3.8391113
-0.58587646,-0.5872574,-0.5843506,2.6884766
-0.61639404,-0.008094788,0.7845459,3.8391113
-0.54888916,-0.27140808,1.4064941,2.3149414
0.10723877,0.042816162,3.4354248,3.2438965
0.10723877,0.042816162,3.4354248,3.2438965
0.10723877,0.042816162,3.4354248,3.2438965
0.10723877,0.042816162,3.4354248,3.2438965
0.10723877,0.042816162,3.4354248,3.2438965
0.10723877,0.042816162,3.4354248,3.2438965
0.10723877,0.042816162,3.4354248,3.2438965
0.10723877,0.042816162,3.4354248,3.2438965
0.10723877,0.042816162,3.4354248,3.2438965
-1.651001,1.7509003,0.24365234,1.7719727
-1.6842651,1.667244,0.62805176,1.9677734
1.7609863,1.5923996,0.14013672,0.07861328
0.47528076,-0.52490234,-2.4626465,-3.0717773
0.26849365,-0.86911774,-1.7849121,-2.6311035
0.26849365,-0.86911774,-1.7849121,-2.6311035
-0.045532227,0.4107666,0.71850586,-0.48706055
0.26849365,-0.86911774,-1.7849121,-2.6311035
0.26849365,-0.86911774,-1.7849121,-2.6311035
0.26849365,-0.86911774,-1.7849121,-2.6311035
0.26849365,-0.86911774,-1.7849121,-2.6311035
0.26849365,-0.86911774,-1.7849121,-2.6311035
0.26849365,-0.86911774,-1.7849121,-2.6311035
0.26849365,-0.86911774,-1.7849121,-2.6311035
-0.6810913,-1.5353088,-2.1192627,-2.6345215
-0.6810913,-1.5353088,-2.1192627,-2.6345215
-0.6810913,-1.5353088,-2.1192627,-2.6345215
-0.6810913,-1.5353088,-2.1192627,-2.6345215
-0.6810913,-1.5353088,-2.1192627,-2.6345215
-0.6810913,-1.5353088,-2.1192627,-2.6345215
-0.6810913,-1.5353088,-2.1192627,-2.6345215
0.50213623,0.63926697,0.71520996,0.35546875
-0.6810913,-1.5353088,-2.1192627,-2.6345215
-0.6810913,-1.5353088,-2.1192627,-2.6345215
-1.0681152,-1.4011383,-2.3040771,-2.4189453
-1.0681152,-1.4011383,-2.3040771,-2.4189453
-1.0681152,-1.4011383,-2.3040771,-2.4189453
-1.0681152,-1.4011383,-2.3040771,-2.4189453
-1.0681152,-1.4011383,-2.3040771,-2.4189453
-1.0681152,-1.4011383,-2.3040771,-2.4189453
-1.0681152,-1.4011383,-2.3040771,-2.4189453
-1.0681152,-1.4011383,-2.3040771,-2.4189453
-1.0681152,-1.4011383,-2.3040771,-2.4189453
-0.92871094,-2.4180603,-1.1887207,-1.7751465
-0.26062012,-0.7762146,-0.37438965,-1.8391113
-0.26062012,-0.7762146,-0.37438965,-1.8391113
-0.26062012,-0.7762146,-0.37438965,-1.8391113
-0.26062012,-0.7762146,-0.37438965,-1.8391113
-0.26062012,-0.7762146,-0.37438965,-1.8391113
-0.26062012,-0.7762146,-0.37438965,-1.8391113
-0.26062012,-0.7762146,-0.37438965,-1.8391113
-0.26062012,-0.7762146,-0.37438965,-1.8391113
-0.26062012,-0.7762146,-0.37438965,-1.8391113
-0.26062012,-0.7762146,-0.37438965,-1.8391113
-0.8713989,-1.2316055,-3.3741455,-2.4509277
-0.8713989,-1.2316055,-3.3741455,-2.4509277
-0.8713989,-1.2316055,-3.3741455,-2.4509277
-0.54919434,-1.4590912,-3.0699463,-3.6330566
-0.54919434,-1.4590912,-3.0699463,-3.6330566
0.40344238,0.4735489,-0.845459,0.080078125
0.40344238,0.4735489,-0.845459,0.080078125
-1.4614258,-1.2066879,-1.9812012,-2.025879
-0.8713989,-1.2316055,-3.3741455,-2.4509277
-0.8713989,-1.2316055,-3.3741455,-2.4509277
0.90997314,0.8526535,-0.69677734,-0.30932617
0.6715088,0.6757431,-0.10095215,-0.19042969
0.22143555,-0.88336945,-2.2818604,-1.1708984
0.22143555,-0.88336945,-2.2818604,-1.1708984
0.22723389,0.20536041,-0.51916504,0.34643555
-0.32141113,-0.5130615,-1.9468994,-1.0539551
0.22143555,-0.88336945,-2.2818604,-1.1708984
0.22143555,-0.88336945,-2.2818604,-1.1708984
0.22723389,0.20536041,-0.51916504,0.34643555
0.22723389,0.20536041,-0.51916504,0.34643555
0.68518066,-0.39074707,-1.8459473,-1.7321777
0.22143555,-0.88336945,-2.2818604,-1.1708984
0.22143555,-0.88336945,-2.2818604,-1.1708984
0.22723389,0.20536041,-0.51916504,0.34643555
-0.84747314,-0.8800125,-0.46020508,-0.8413086
-1.170105,-1.5809326,-0.72106934,-0.84765625
-1.4956665,-2.2819138,-0.97753906,-0.8552246
-0.84747314,-0.8800125,-0.46020508,-0.8413086
-0.84747314,-0.8800125,-0.46020508,-0.8413086
-0.84747314,-0.8800125,-0.46020508,-0.8413086
-0.84747314,-0.8800125,-0.46020508,-0.8413086
-0.84747314,-0.8800125,-0.46020508,-0.8413086
-0.84747314,-0.8800125,-0.46020508,-0.8413086
-1.4956665,-2.2819138,-0.97753906,-0.8552246
-1.7560425,-0.62758636,0.63061523,0.765625
-1.77771,-1.0870285,-0.08483887,-0.04272461
-1.8596802,-1.7561188,-1.0836182,-0.7258301
-1.7560425,-0.62758636,0.63061523,0.765625
0.77233887,-0.54641724,-0.8076172,-1.3171387
-0.15734863,0.85336304,0.7032471,-0.20874023
-0.9923706,-0.50764465,-1.4942627,-1.0549316
-0.67211914,-0.61183167,-0.7874756,-1.1103516
-0.446167,0.019340515,-0.9350586,0.11254883
0.75183105,0.60089874,-0.38745117,-1.8134766
0.40338135,0.62875366,-0.7438965,-1.588623
0.13006592,0.5676651,0.18933105,-0.4399414
0.75183105,0.60089874,-0.38745117,-1.8134766
0.5028076,0.36990356,0.5058594,-1.4594727
0.5028076,0.36990356,0.5058594,-1.4594727
0.5028076,0.36990356,0.5058594,-1.4594727
0.5028076,0.36990356,0.5058594,-1.4594727
-0.526062,0.5721054,-0.8901367,0.9001465
0.5028076,0.36990356,0.5058594,-1.4594727
0.40338135,0.62875366,-0.7438965,-1.588623
0.66052246,0.88319397,-1.736084,-1.9587402
0.50231934,0.18836212,-1.4447021,-1.7028809
-0.3131714,0.8236618,-1.8881836,0.6413574
0.024169922,-0.063079834,-1.6768799,-1.9533691
0.66052246,0.88319397,-1.736084,-1.9587402
0.66052246,0.88319397,-1.736084,-1.9587402
0.66052246,0.88319397,-1.736084,-1.9587402
0.060058594,0.6703415,0.5604248,0.5727539
0.66052246,0.88319397,-1.736084,-1.9587402
0.66052246,0.88319397,-1.736084,-1.9587402
-2.0135498,-2.563469,-3.7265625,-3.650879
-0.0826416,-2.4705963,-1.9997559,-5.6904297
-1.8623657,-1.3230286,-3.8330078,-1.5461426
1.1165771,-2.5079117,-1.7374268,-4.224121
1.8713989,-3.68367,-1.1866455,-5.461914
1.890686,-3.7257767,-0.4375,-5.286133
2.6398926,-2.527359,-0.68322754,-4.2495117
2.6398926,-2.527359,-0.68322754,-4.2495117
-0.21838379,-2.2842865,-3.7624512,-6.498535
2.2832031,-3.2737503,0.2574463,-3.619629
-0.55303955,-3.248314,-1.0061035,-3.75
1.9161377,-3.9194717,-0.9498291,-4.4213867
1.8713989,-3.68367,-1.1866455,-5.461914
-1.0181885,-4.005768,-2.123291,-5.9208984
-3.762268,-2.0636292,-5.5949707,-5.824707
-3.9422607,-2.3368912,-6.1953125,-5.9536133
-3.762268,-2.0636292,-5.5949707,-5.824707
-3.9422607,-2.3368912,-6.1953125,-5.9536133
-3.9422607,-2.3368912,-6.1953125,-5.9536133
-3.762268,-2.0636292,-5.5949707,-5.824707
-2.68573,-3.1504745,-3.480713,-3.7770996
-3.0360107,-3.5528946,-5.0496826,-6.133301
-2.68573,-3.1504745,-3.480713,-3.7770996
-2.5985718,-3.156395,-4.3187256,-4.1054688
-0.19195557,-3.26931,-4.0112305,-5.6904297
-1.5773926,-3.4072647,-4.5163574,-5.912842
-2.68573,-3.1504745,-3.480713,-3.7770996
-0.19195557,-3.26931,-4.0112305,-5.6904297
3.0842285,-0.52778625,-0.52734375,-0.53344727
2.7147217,-0.09152222,0.81848145,2.3469238
2.7147217,-0.09152222,0.81848145,2.3469238
3.0870972,-0.5275116,-0.5164795,-0.5222168
3.3903198,0.7034149,0.76416016,3.8769531
0.25604248,-2.8088531,-3.701416,-3.9475098
-3.8242798,-2.7951279,-2.3637695,-0.51660156
-3.592163,-2.5487213,-2.1485596,-0.80126953
-3.8242798,-2.7951279,-2.3637695,-0.51660156
-2.68573,-3.1504745,-3.480713,-3.7770996
-3.505249,-3.503006,-3.5080566,-3.3237305
-2.737915,-2.329361,-3.4924316,-2.5898438
-4.3084717,-3.9710388,-3.774414,-2.8137207
-3.8242798,-2.7951279,-2.3637695,-0.51660156
-0.7942505,-0.66817474,0.6956787,2.9121094
-2.1000977,-2.6797562,-4.852417,-4.9711914
-0.26568604,0.42731476,0.7537842,5.1794434
0.46002197,0.63557434,1.1812744,3.8549805
0.17028809,0.158844,1.2375488,2.6330566
1.3330078,1.3316956,1.1546631,5.0771484
0.17028809,0.158844,1.2375488,2.6330566
0.66400146,1.3147736,1.4946289,4.403076
0.17028809,0.158844,1.2375488,2.6330566
-3.8242798,-2.7951279,-2.3637695,-0.51660156
-0.2765503,0.54286957,0.9671631,4.7783203
0.66400146,1.3147736,1.4946289,4.403076
0.3340454,-0.25300598,3.1785889,8.381836
-0.32666016,-0.10746002,3.779663,10.589111
-0.34869385,0.2164154,2.0056152,3.8432617
-0.34869385,0.2164154,2.0056152,3.8432617
3.2385864,9.947464,13.064941,18.1333
3.638733,10.11293,13.341431,17.359863
3.6462402,10.38636,13.182983,16.143799
4.0375366,10.278374,13.624756,16.58789
3.8382568,10.272675,13.335083,15.605469
3.4667358,9.617561,12.535278,15.749512
4.0375366,10.278374,13.624756,16.58789
2.5929565,7.5420074,9.443481,11.777832
2.5929565,7.5420074,9.443481,11.777832
4.0375366,10.278374,13.624756,16.58789
3.9355469,5.27269,5.056885,7.585449
2.452942,3.8420944,2.3093262,-0.9970703
2.8626099,4.1530533,2.5412598,-1.0515137
2.8626099,4.1530533,2.5412598,-1.0515137
5.956726,8.760056,11.87915,11.873779
3.9355469,5.27269,5.056885,7.585449
2.8626099,4.1530533,2.5412598,-1.0515137
2.8626099,4.1530533,2.5412598,-1.0515137
3.0217896,4.214592,2.4176025,-0.9411621
2.8626099,4.1530533,2.5412598,-1.0515137
2.916504,5.438843,5.9206543,4.5183105
2.916504,5.438843,5.9206543,4.5183105
2.916504,5.438843,5.9206543,4.5183105
2.916504,5.438843,5.9206543,4.5183105
2.916504,5.438843,5.9206543,4.5183105
2.916504,5.438843,5.9206543,4.5183105
2.916504,5.438843,5.9206543,4.5183105
1.519043,2.7988281,2.4927979,-0.56811523
2.916504,5.438843,5.9206543,4.5183105
2.916504,5.438843,5.9206543,4.5183105
1.519043,2.7988281,2.4927979,-0.56811523
2.8032837,3.2386932,3.2388916,-0.17602539
2.1809082,2.6533203,1.895752,-2.7810059
2.1809082,2.6533203,1.895752,-2.7810059
2.1809082,2.6533203,1.895752,-2.7810059
2.3409424,3.438797,2.93042,-0.6879883
3.656372,3.3991318,2.1594238,-3.6604004
2.1809082,2.6533203,1.895752,-2.7810059
2.1809082,2.6533203,1.895752,-2.7810059
2.1809082,2.6533203,1.895752,-2.7810059
2.8626099,4.1530533,2.5412598,-1.0515137
2.6662598,3.8090897,2.6864014,-0.8078613
2.8626099,4.1530533,2.5412598,-1.0515137
2.092102,3.122841,2.1948242,-2.3256836
2.8626099,4.1530533,2.5412598,-1.0515137
2.8626099,4.1530533,2.5412598,-1.0515137
2.8626099,4.1530533,2.5412598,-1.0515137
2.8626099,4.1530533,2.5412598,-1.0515137
2.8626099,4.1530533,2.5412598,-1.0515137
2.8626099,4.1530533,2.5412598,-1.0515137
3.5907593,2.8299332,0.111328125,-0.00024414062
-0.43615723,-0.4925537,-0.58618164,-3.24292
-0.23760986,-0.67238617,-0.13830566,-3.0546875
-1.1987305,-0.7218704,-0.9312744,-3.442627
0.36853027,-0.018730164,-2.499878,-2.8205566
0.3564453,0.29386902,-0.41137695,-2.2060547
0.27337646,-0.91635895,-2.291626,-3.0739746
0.78881836,1.7258987,-0.6826172,-1.5200195
-0.47039795,-1.3570099,-3.4227295,-4.0043945
0.45599365,0.53902435,-2.3586426,-2.2209473
0.90319824,-0.30055237,-1.8776855,-2.1027832
0.7086792,-1.3562012,-2.0043945,-2.5004883
-0.007080078,-1.2403793,-3.0030518,-2.6308594
0.023254395,0.18167877,-2.541504,-2.5310059
-0.67077637,-0.9961548,-2.1169434,-2.7336426
-0.36883545,-0.80094147,-2.1324463,-2.2839355
-0.03289795,-1.7183838,-3.1461182,-2.9277344
-0.03289795,-1.7183838,-3.1461182,-2.9277344
-0.12841797,-2.255722,-2.8115234,-2.8867188
-0.2508545,-3.030777,-2.9661865,-2.753662
0.1583252,-2.573761,-2.5753174,-2.5742188
0.5924072,-2.0904388,-2.152954,-2.3735352
0.7086792,-1.3562012,-2.0043945,-2.5004883
-0.4366455,-1.3267517,-2.168579,-1.6499023
-0.74243164,-2.1366959,-2.6687012,-1.875
-1.725708,-3.477066,-2.4675293,-2.6933594
-1.5723267,-1.9963684,-2.0314941,-1.6369629
-2.3588867,-2.863411,-2.624878,-2.7265625
-2.722168,-2.6965942,-2.7591553,-2.1916504
-2.722168,-2.6965942,-2.7591553,-2.1916504
-2.7295532,-2.7292633,-2.7285156,-2.3515625
-2.722168,-2.6965942,-2.7591553,-2.1916504
-2.722168,-2.6965942,-2.7591553,-2.1916504
-1.5723267,-1.9963684,-2.0314941,-1.6369629
-1.8398438,-1.7559509,-1.3837891,-2.4938965
-1.0838623,-1.3200531,-0.94018555,-1.9375
-1.0838623,-1.3200531,-0.94018555,-1.9375
-0.7321167,-0.60118103,-0.21411133,-1.5102539
-0.7581177,-0.93400574,-0.48132324,-1.6066895
0.14019775,0.25091553,0.42138672,-0.51831055
-0.1459961,-0.26345825,0.35388184,-1.328125
0.1459961,0.26393127,0.42016602,-0.50439453
0.52001953,0.13996887,-0.12939453,-0.8625488
0.13867188,0.2264328,0.12634277,-0.6513672
0.03265381,0.3776474,-0.46105957,1.2749023
0.10443115,1.1410217,-2.1304932,0.9404297
0.5235596,-0.547493,1.1014404,1.138916
0.5697632,-0.85235596,0.057495117,0.39648438
-0.8496094,0.881897,1.2335205,1.5144043
-1.0063477,0.60258484,0.9510498,1.3981934
-1.1708984,0.30902863,0.6524658,1.2810059
-0.9678345,0.46866608,0.5638428,1.1542969
-0.8496094,0.881897,1.2335205,1.5144043
-0.8231201,1.0868225,1.3851318,1.456543
-1.1708984,0.30902863,0.6524658,1.2810059
-2.078308,-0.16758728,-0.32214355,-0.36743164
-1.1708984,0.30902863,0.6524658,1.2810059
-1.1708984,0.30902863,0.6524658,1.2810059
1.7232056,1.9636383,3.4215088,2.7856445
1.9125977,1.9902954,2.541626,2.5454102
2.1074219,1.9084396,2.5076904,2.663086
1.9153442,1.447815,1.935791,2.447998
2.0594482,2.297577,2.5853271,2.6140137
2.0594482,2.297577,2.5853271,2.6140137
2.0594482,2.297577,2.5853271,2.6140137
2.1298828,2.1298523,2.6835938,2.6860352
1.987915,2.0825653,2.6132812,2.5429688
1.987915,2.0825653,2.6132812,2.5429688
0.13806152,0.44018555,0.055541992,0.03466797
0.13806152,0.44018555,0.055541992,0.03466797
0.13806152,0.44018555,0.055541992,0.03466797
-0.30023193,0.45747375,0.09802246,0.35327148
0.80908203,1.0643616,1.5098877,1.3110352
0.35632324,0.63420105,1.2911377,0.8417969
-0.1864624,0.54467773,0.79052734,0.5732422
-0.1819458,0.30245972,0.59973145,0.58984375
0.7501221,1.1786346,1.0718994,1.5429688
0.7501221,1.1786346,1.0718994,1.5429688
0.11419678,-0.19857788,0.48156738,0.3864746
-0.44482422,-0.65223694,-0.15490723,0.3203125
0.66796875,1.3394852,1.6245117,1.7236328
0.66796875,1.3394852,1.6245117,1.7236328
1.0307617,0.8318939,-0.36779785,0.09472656
1.4423828,2.450943,1.3797607,1.4064941
0.85162354,2.3346863,1.3063965,2.0488281
1.694458,3.0786743,1.7243652,2.8911133
0.85162354,2.3346863,1.3063965,2.0488281
-1.168335,-0.36706543,-1.0999756,-0.19750977
-0.14666748,0.81508636,-0.2755127,0.8144531
-0.14666748,0.81508636,-0.2755127,0.8144531
-0.14666748,0.81508636,-0.2755127,0.8144531
-0.14666748,0.81508636,-0.2755127,0.8144531
-0.96032715,-0.20715332,0.46166992,0.39208984
-1.1220703,-1.0111389,-0.45336914,-0.28759766
-1.6769409,-1.0501862,-0.44030762,-0.52734375
-0.35095215,0.52033997,0.78186035,0.8574219
-0.35095215,0.52033997,0.78186035,0.8574219
-1.574707,-0.51441956,-0.49035645,-0.5583496
-1.574707,-0.51441956,-0.49035645,-0.5583496
-0.87475586,0.17848969,0.23815918,0.28222656
-0.87475586,0.17848969,0.23815918,0.28222656
-1.3815918,-0.013305664,-0.13427734,-0.21899414
-0.00091552734,0.08961487,-1.1710205,-4.114502
-0.00091552734,0.08961487,-1.1710205,-4.114502
-0.9187012,-3.0748444,-4.280884,-3.8901367
-2.020935,-3.3046722,-3.4473877,-3.3928223
-1.6454468,-1.7131042,-3.8604736,-2.665039
-1.2163696,-2.0621643,-3.234497,-3.0273438
-2.046936,-3.8886948,-3.3881836,-3.8417969
-2.020935,-3.3046722,-3.4473877,-3.3928223
-0.9187012,-3.0748444,-4.280884,-3.8901367
-2.046936,-3.8886948,-3.3881836,-3.8417969
-2.020935,-3.3046722,-3.4473877,-3.3928223
-1.9477539,-4.996231,-4.7281494,-4.3725586
-1.9477539,-4.996231,-4.7281494,-4.3725586
-1.9477539,-4.996231,-4.7281494,-4.3725586
-1.8487549,-3.0983582,-3.9841309,-3.56958
-2.4380493,-3.2168121,-3.548706,-3.3049316
-3.0582886,-3.3414688,-3.0911865,-3.0273438
-3.0582886,-3.3414688,-3.0911865,-3.0273438
-3.0582886,-3.3414688,-3.0911865,-3.0273438
-2.020935,-3.3046722,-3.4473877,-3.3928223
-2.020935,-3.3046722,-3.4473877,-3.3928223
-2.020935,-3.3046722,-3.4473877,-3.3928223
-2.2872314,-4.7266846,-5.048218,-4.5422363
-2.020935,-3.3046722,-3.4473877,-3.3928223
0.0018310547,1.5179596,1.4810791,1.6459961
0.10021973,-0.029891968,-0.15393066,0.027832031
0.18347168,0.3335724,0.57336426,0.20825195
0.18347168,0.3335724,0.57336426,0.20825195
0.27294922,-0.05882263,0.84558105,-0.052246094
0.18347168,0.3335724,0.57336426,0.20825195
0.27294922,-0.05882263,0.84558105,-0.052246094
0.27294922,-0.05882263,0.84558105,-0.052246094
0.18347168,0.3335724,0.57336426,0.20825195
0.18347168,0.3335724,0.57336426,0.20825195
0.18347168,0.3335724,0.57336426,0.20825195
0.18347168,0.3335724,0.57336426,0.20825195
-0.5180054,-0.6156616,-1.4443359,-1.7001953
-0.0008544922,0.51836395,0.09680176,-1.9589844
0.38983154,-0.15533447,-1.4433594,-2.3354492
0.38983154,-0.15533447,-1.4433594,-2.3354492
-0.5180054,-0.6156616,-1.4443359,-1.7001953
-0.493042,-1.6987915,-1.6992188,-1.6977539
-0.493042,-1.6987915,-1.6992188,-1.6977539
-1.6950073,-2.371292,-2.3353271,-2.3222656
-1.6369019,-2.497818,-2.3427734,-2.4892578
-1.6369019,-2.497818,-2.3427734,-2.4892578
-1.6369019,-2.497818,-2.3427734,-2.4892578
-1.6871338,-1.9095459,-2.4406738,-1.9868164
-0.0014038086,4.5776367e-05,-0.0021972656,-0.39038086
-0.0014038086,4.5776367e-05,-0.0021972656,-0.39038086
-0.0014038086,4.5776367e-05,-0.0021972656,-0.39038086
-0.0014038086,4.5776367e-05,-0.0021972656,-0.39038086
-0.0014038086,4.5776367e-05,-0.0021972656,-0.39038086
-0.0014038086,4.5776367e-05,-0.0021972656,-0.39038086
-0.0008544922,0.00023651123,-0.00036621094,-0.37695312
-0.0008544922,0.00023651123,-0.00036621094,-0.37695312
-0.0008544922,0.00023651123,-0.00036621094,-0.37695312
-0.0008544922,0.00023651123,-0.00036621094,-0.37695312
-0.21276855,-0.22185516,1.279419,0.49389648
-0.21276855,-0.22185516,1.279419,0.49389648
-0.002746582,0.44129944,2.2352295,-1.9736328
-0.002746582,0.44129944,2.2352295,-1.9736328
1.0561523,-0.045135498,0.8502197,0.78393555
-0.07281494,0.41435242,0.414917,4.6257324
0.732605,0.73291016,5.2127686,2.4697266
0.732605,0.73291016,5.2127686,2.4697266
0.8078613,1.2990036,2.2773438,3.8671875
0.8078613,1.2990036,2.2773438,3.8671875
0.53479004,1.2245178,1.3214111,2.4277344
0.0020751953,0.0008087158,0.9526367,3.487793
0.0020751953,0.9494095,3.4780273,5.92041
0.7338867,2.5589142,3.8439941,5.20166
1.2485352,3.8161392,6.2894287,5.8552246
1.2485352,3.8161392,6.2894287,5.8552246
0.82476807,3.1058884,6.1035156,6.071045
1.2485352,3.8161392,6.2894287,5.8552246
0.82476807,3.1058884,6.1035156,6.071045
1.2485352,3.8161392,6.2894287,5.8552246
1.2485352,3.8161392,6.2894287,5.8552246
1.2485352,3.8161392,6.2894287,5.8552246
0.82476807,3.1058884,6.1035156,6.071045
2.2578735,4.9090347,5.558716,4.7407227
1.0435181,3.9832153,3.2322998,3.1853027
2.4260864,3.713356,4.0039062,3.3010254
1.5217896,3.9804077,4.1394043,3.3237305
1.0435181,3.9832153,3.2322998,3.1853027
1.0435181,3.9832153,3.2322998,3.1853027
1.0435181,3.9832153,3.2322998,3.1853027
2.2578735,4.9090347,5.558716,4.7407227
1.8687744,4.221405,5.319214,4.904297
2.4260864,3.713356,4.0039062,3.3010254
0.15460205,1.3044205,2.6339111,2.9631348
0.15460205,1.3044205,2.6339111,2.9631348
0.15460205,1.3044205,2.6339111,2.9631348
3.623291,2.747322,2.600586,2.6071777
3.623291,2.747322,2.600586,2.6071777
3.623291,2.747322,2.600586,2.6071777
3.623291,2.747322,2.600586,2.6071777
3.623291,2.747322,2.600586,2.6071777
1.1029053,2.2578506,1.6999512,1.6894531
0.8344116,1.3170471,0.8892822,0.28271484
0.1182251,-0.4727707,-0.40490723,-1.2175293
0.1182251,-0.4727707,-0.40490723,-1.2175293
1.1029053,2.2578506,1.6999512,1.6894531
1.1029053,2.2578506,1.6999512,1.6894531
0.1182251,-0.4727707,-0.40490723,-1.2175293
1.1029053,2.2578506,1.6999512,1.6894531
0.57696533,2.7376862,2.9432373,3.2028809
0.57696533,2.7376862,2.9432373,3.2028809
0.0018920898,-0.69418335,-1.7254639,-4.77124
0.0041503906,-0.38388062,-2.010376,-5.708496
0.6781616,0.7188721,1.7259521,2.9624023
0.6781616,0.7188721,1.7259521,2.9624023
-0.39660645,0.38537598,0.55236816,1.7700195
-0.5477295,-0.5701904,-0.45056152,1.3674316
-0.5477295,-0.5701904,-0.45056152,1.3674316
0.62316895,0.8346939,1.5819092,1.7316895
-0.39660645,0.38537598,0.55236816,1.7700195
-0.5477295,-0.5701904,-0.45056152,1.3674316
0.010253906,1.3805084,1.9129639,0.98876953
-0.8115845,-0.7814789,-0.5501709,0.81762695
-0.626709,0.60863495,2.4401855,4.48584
0.08129883,0.96216583,2.998413,4.6833496
0.53271484,0.28878784,2.3574219,4.2973633
0.53271484,0.28878784,2.3574219,4.2973633
0.53271484,0.28878784,2.3574219,4.2973633
0.53271484,0.28878784,2.3574219,4.2973633
0.53271484,0.28878784,2.3574219,4.2973633
0.70098877,1.318779,2.5687256,4.272461
-0.16394043,0.6329651,-0.29748535,1.7578125
-0.39660645,0.38537598,0.55236816,1.7700195
-0.43554688,0.09499359,-0.31066895,1.2915039
-0.43554688,0.09499359,-0.31066895,1.2915039
0.4272461,-0.09425354,0.57788086,1.3537598
0.4272461,-0.09425354,0.57788086,1.3537598
0.4272461,-0.09425354,0.57788086,1.3537598
-1.3405151,-1.4291992,-2.1623535,4.1464844
-0.1609497,-0.19063568,-0.08605957,5.904785
-0.1609497,-0.19063568,-0.08605957,5.904785
-0.1609497,-0.19063568,-0.08605957,5.904785
-0.1609497,-0.19063568,-0.08605957,5.904785
-0.1609497,-0.19063568,-0.08605957,5.904785
-0.61053467,-0.6117859,-0.6077881,5.644043
-0.61053467,-0.6117859,-0.6077881,5.644043
-0.1609497,-0.19063568,-0.08605957,5.904785
-0.1609497,-0.19063568,-0.08605957,5.904785
1.5335693,3.4305878,3.9144287,4.715088
0.0005493164,6.2771454,4.9422607,8.690918
-0.4932251,0.28094482,1.2479248,3.161621
1.0274658,1.9921265,3.5057373,4.130371
1.0274658,1.9921265,3.5057373,4.130371
1.0274658,1.9921265,3.5057373,4.130371
0.31567383,1.396759,2.9434814,3.380127
1.0274658,1.9921265,3.5057373,4.130371
1.0274658,1.9921265,3.5057373,4.130371
3.0202026,1.7839279,2.7999268,3.0534668
2.4262695,0.44226074,2.4556885,2.5686035
3.036621,0.6512909,0.7910156,0.5102539
3.036621,0.6512909,0.7910156,0.5102539
1.1486816,0.2892151,0.98254395,2.3779297
3.036621,0.6512909,0.7910156,0.5102539
1.1531372,0.9108124,1.569458,1.6674805
1.1531372,0.9108124,1.569458,1.6674805
1.1531372,0.9108124,1.569458,1.6674805
1.6366577,2.2010803,1.8400879,2.0749512
1.1531372,0.9108124,1.569458,1.6674805
1.1531372,0.9108124,1.569458,1.6674805
-0.5305176,-0.73843384,-0.35266113,-0.7805176
-0.1665039,0.38852692,-0.20422363,-0.53271484
-1.8939209,-3.0319061,-3.5067139,-3.2382812
-1.8939209,-3.0319061,-3.5067139,-3.2382812
-0.1665039,0.38852692,-0.20422363,-0.53271484
-0.5305176,-0.73843384,-0.35266113,-0.7805176
-1.8225708,-1.4613647,-1.5338135,-1.4362793
-0.5305176,-0.73843384,-0.35266113,-0.7805176
-0.3026123,1.9199829,-0.22619629,-0.88842773
0.30352783,2.7919617,0.091918945,-1.5935059
2.2191162,1.177536,0.24182129,1.4765625
2.1827393,-0.8010559,-1.7943115,-0.91552734
2.1827393,-0.8010559,-1.7943115,-0.91552734
2.0714111,0.19436646,-1.2264404,0.69970703
3.4921265,0.40363312,0.18676758,0.46435547
2.1827393,-0.8010559,-1.7943115,-0.91552734
1.5738525,-0.7290878,-1.9760742,-0.44433594
1.5738525,-0.7290878,-1.9760742,-0.44433594
2.4316406,-0.4009018,-0.92004395,-0.24414062
2.6011963,-0.7749176,-0.9517822,-1.2568359
-1.4714355,-1.9487762,-0.4371338,-1.2229004
-2.7451782,-2.6973648,-1.5599365,-1.8676758
-2.206787,-3.8498993,-3.2928467,-4.926758
-2.7451782,-2.6973648,-1.5599365,-1.8676758
-2.7451782,-2.6973648,-1.5599365,-1.8676758
-2.7678223,-3.2695389,-2.612671,-2.611084
-2.2245483,-0.09107208,1.1478271,-0.29077148
-2.508789,-1.8319778,-0.8643799,-1.7260742
-3.1651611,-3.326027,-3.2058105,-3.3115234
-3.1651611,-3.326027,-3.2058105,-3.3115234
1.3400879,0.03514099,0.10241699,-1.4645996
1.645752,0.018791199,0.2520752,-1.730957
0.90441895,1.2783737,1.2728271,0.05078125
0.14874268,0.636528,0.115234375,-2.2770996
1.4150391,1.9966583,2.3260498,-0.89819336
1.303772,-1.943512,-1.9326172,-3.8554688
-1.3713379,2.8021545,0.23608398,-1.1015625
-0.043151855,-0.49625397,-0.6756592,-5.996826
-0.025390625,-0.027885437,-1.0806885,-7.1660156
1.2132568,0.7972412,1.4881592,-4.838623
0.22747803,2.049034,-1.8638916,-3.4709473
-0.34692383,-0.0038528442,-4.0874023,-5.234375
-0.34692383,-0.0038528442,-4.0874023,-5.234375
-0.34692383,-0.0038528442,-4.0874023,-5.234375
-0.1652832,-0.87718964,-5.449463,-6.982422
-0.1652832,-0.87718964,-5.449463,-6.982422
-0.1652832,-0.87718964,-5.449463,-6.982422
1.3217163,-0.67666626,-3.474121,-1.1254883
0.0031738281,-3.8456726,-5.2781982,-2.8659668
-3.06604,-1.5956116,-8.624878,-6.9194336
-2.9971924,-2.9028778,-6.918091,-6.326416
-2.9244385,-4.2870483,-5.109619,-5.70166
-3.06604,-1.5956116,-8.624878,-6.9194336
-2.4326782,-0.31097412,-6.8468018,-5.017578
0.0134887695,2.407898,-5.272827,-3.0876465
-2.946228,-2.1991577,-9.248169,-5.1984863
-0.19232178,-3.9253159,-3.9334717,-3.5551758
0.90234375,-4.4557724,-4.3081055,-3.4848633
0.90234375,-4.4557724,-4.3081055,-3.4848633
-2.2822876,-7.2149887,-4.661255,-4.3063965
1.2567749,-0.89055634,-1.4274902,-1.822998
-2.5897217,-2.8045197,-3.3601074,-1.5605469
-6.596924,-6.46772,-6.70166,-5.0861816
-7.6480713,-6.228073,-7.7559814,-7.193115
-7.7210083,-4.991661,-4.8273926,-5.2053223
-4.705078,-4.5773087,-3.4746094,-4.927246
-6.1485596,-5.4215546,-5.3554688,-4.5249023
-3.0720215,-3.7494125,-3.1837158,-2.7304688
1.2688599,0.95939636,0.44348145,0.037841797
1.2688599,0.95939636,0.44348145,0.037841797
0.90411377,3.9019852,5.095581,5.500244
1.2792969,0.18270874,-0.25195312,-0.53466797
1.8809814,2.6308975,2.1837158,3.2124023
0.85284424,-0.08312225,-0.43432617,-2.5419922
2.1662598,1.0502167,2.5804443,1.2880859
-0.7088623,-0.3592224,-0.49597168,-0.8198242
-0.7109375,-1.0509491,-1.3739014,-1.6308594
0.776062,1.2494965,1.274292,-0.8688965
2.8111572,1.2763824,2.7028809,1.8361816
0.776062,1.2494965,1.274292,-0.8688965
0.776062,1.2494965,1.274292,-0.8688965
1.2784424,0.88314056,1.1462402,1.9680176
-1.8125,-1.0261688,-3.5999756,-4.9677734
-1.4447021,1.1969147,0.36535645,-2.7700195
-0.33050537,-0.90068054,-3.4613037,-5.6816406
1.0703735,-2.2257538,-6.591675,-9.744873
-1.2192383,-5.73658,-9.748291,-8.741943
-0.9298096,-5.508484,-8.756714,-8.072266
-1.2192383,-5.73658,-9.748291,-8.741943
-1.9179688,-5.6436615,-9.495483,-8.779297
-2.5769043,-6.2493896,-9.779663,-11.5390625
-2.5769043,-6.2493896,-9.779663,-11.5390625
-2.5769043,-6.2493896,-9.779663,-11.5390625
-2.6329346,-4.131157,-6.0910645,-3.3261719
-1.0974731,-2.8433151,-3.4744873,-2.086914
-1.9361572,-4.1494293,-6.1757812,-2.9970703
-1.9361572,-4.1494293,-6.1757812,-2.9970703
-1.5615845,-1.7700653,-2.0761719,-0.89746094
-1.5615845,-1.7700653,-2.0761719,-0.89746094
-4.4244385,-4.2728577,-4.406494,-3.3469238
-3.2732544,-4.171646,-3.2254639,-3.7526855
-4.4244385,-4.2728577,-4.406494,-3.3469238
-3.2732544,-4.171646,-3.2254639,-3.7526855
-3.2732544,-4.171646,-3.2254639,-3.7526855
-3.9041748,-4.1523514,-3.2869873,-4.043457
-4.4244385,-4.2728577,-4.406494,-3.3469238
-3.9041748,-4.1523514,-3.2869873,-4.043457
-3.5299683,-0.86872864,-0.8676758,-4.5700684
0.5751343,0.9191742,0.91516113,-3.6359863
-0.059326172,-1.1189728,0.3959961,-2.665039
-0.059326172,-1.1189728,0.3959961,-2.665039
-0.059326172,-1.1189728,0.3959961,-2.665039
-0.059326172,-1.1189728,0.3959961,-2.665039
-1.5615845,-1.7700653,-2.0761719,-0.89746094
-1.9361572,-4.1494293,-6.1757812,-2.9970703
-1.9361572,-4.1494293,-6.1757812,-2.9970703
-1.9361572,-4.1494293,-6.1757812,-2.9970703
-0.5788574,-2.4806213,-6.789795,-2.633789
-1.9361572,-4.1494293,-6.1757812,-2.9970703
-1.5615845,-1.7700653,-2.0761719,-0.89746094
-1.3088379,-1.3607941,-0.9038086,-2.3308105
-1.3088379,-1.3607941,-0.9038086,-2.3308105
-0.17211914,-0.18172455,-0.46923828,1.7324219
5.923828,5.5220566,9.021362,7.544922
5.923828,5.5220566,9.021362,7.544922
5.923828,5.5220566,9.021362,7.544922
5.923828,5.5220566,9.021362,7.544922
5.923828,5.5220566,9.021362,7.544922
4.414612,3.6756134,6.3913574,6.5932617
5.923828,5.5220566,9.021362,7.544922
0.21643066,2.3070831,1.3492432,1.6352539
0.21643066,2.3070831,1.3492432,1.6352539
0.21643066,2.3070831,1.3492432,1.6352539
0.21643066,2.3070831,1.3492432,1.6352539
0.21643066,2.3070831,1.3492432,1.6352539
0.21643066,2.3070831,1.3492432,1.6352539
-0.4282837,3.7558365,2.6687012,2.6738281
5.5890503,5.689003,7.488159,7.1694336
5.5890503,5.689003,7.488159,7.1694336
5.5890503,5.689003,7.488159,7.1694336
0.76556396,0.27093506,-1.5075684,-0.36108398
-0.32800293,0.34399414,-0.9246826,-0.29296875
3.87854,3.4202576,2.3122559,0.31982422
-1.039917,-1.4230804,-2.6278076,0.36376953
-1.039917,-1.4230804,-2.6278076,0.36376953
-0.21069336,-2.6693802,-2.5074463,-1.7578125
-1.039917,-1.4230804,-2.6278076,0.36376953
-0.72662354,0.7131958,1.1055908,2.2011719
-0.72662354,0.7131958,1.1055908,2.2011719
-0.72662354,0.7131958,1.1055908,2.2011719
-0.16723633,-0.107421875,1.6787109,3.628418
0.23956299,1.1919785,3.4742432,4.449463
0.7233887,0.74438477,3.0570068,4.7250977
-1.6242676,-1.8943939,0.631958,2.4006348
0.73620605,2.09095,2.6275635,3.8728027
0.30169678,0.23712158,2.1453857,3.116211
-1.6242676,-1.8943939,0.631958,2.4006348
-0.00079345703,1.0851135,3.9307861,2.1245117
2.2616577,3.153534,3.7478027,3.1950684
1.0887451,1.412117,0.018920898,-0.4399414
2.6987305,3.3332443,3.8380127,-1.0561523
-1.0708008,-0.9321289,-2.6749268,-1.9284668
1.671875,1.3418579,-0.33898926,-0.47338867
1.0887451,1.412117,0.018920898,-0.4399414
0.5376587,1.237915,-1.7630615,-1.7905273
0.5376587,1.237915,-1.7630615,-1.7905273
0.5376587,1.237915,-1.7630615,-1.7905273
-1.604187,-2.023323,-4.822754,-2.9267578
0.7301636,0.07913208,-3.2879639,-1.6484375
0.008850098,-0.12651825,-0.76293945,-2.2839355
-0.2824707,-2.419365,-4.7910156,-4.458496
-0.2824707,-2.419365,-4.7910156,-4.458496
1.1867676,-0.89562225,-1.4462891,-1.7631836
-1.0002441,-2.9389496,-2.803955,-2.9812012
-1.0002441,-2.9389496,-2.803955,-2.9812012
0.48901367,-4.2512207,-3.3052979,-3.300293
-1.8892212,-3.1650467,-2.4406738,-1.376709
-1.8892212,-3.1650467,-2.4406738,-1.376709
-1.8892212,-3.1650467,-2.4406738,-1.376709
-1.8892212,-3.1650467,-2.4406738,-1.376709
-2.2647705,-3.1017761,-4.00708,-2.613037
-2.2647705,-3.1017761,-4.00708,-2.613037
-0.4053955,-1.8233948,-1.692627,1.0666504
-0.4053955,-1.8233948,-1.692627,1.0666504
0.45690918,1.5831833,0.9975586,4.213867
0.5644531,-0.6909332,-0.81469727,0.7915039
-0.8898926,0.22144318,2.1677246,5.2993164
-1.8892212,-3.1650467,-2.4406738,-1.376709
-2.1392212,-0.9019928,-0.61486816,2.1149902
0.1630249,0.16233063,4.007202,3.0422363
0.64160156,-0.05657959,2.8260498,1.8928223
1.1005859,0.46553802,3.1499023,1.7346191
-0.39331055,-1.576355,1.1170654,1.3913574
0.43121338,1.1842651,4.069092,2.5603027
0.43121338,1.1842651,4.069092,2.5603027
0.59558105,1.9477844,1.5244141,-2.7802734
1.5811157,3.759018,1.5292969,-0.18261719
0.93310547,1.7562027,-0.79992676,-2.7905273
1.500061,1.3429031,-2.494995,-2.432373
0.24841309,-3.087059,-6.034668,-6.296875
-0.33709717,-3.4364395,-6.5356445,-5.3657227
-0.5713501,-1.6615067,-4.4353027,-4.212158
-1.145874,-2.0306702,-3.119995,-1.5646973
-1.145874,-2.0306702,-3.119995,-1.5646973
-1.145874,-2.0306702,-3.119995,-1.5646973
-1.145874,-2.0306702,-3.119995,-1.5646973
0.17529297,-1.9839096,-3.6795654,-1.5664062
-0.24841309,-3.514862,-4.880371,-3.9060059
-3.256775,-4.1239166,-1.7017822,-1.6987305
-2.8983154,-2.7226028,-0.8469238,-0.5827637
-2.8983154,-2.7226028,-0.8469238,-0.5827637
-2.8983154,-2.7226028,-0.8469238,-0.5827637
-4.293518,-2.4694595,0.071777344,0.071777344
-1.7460938,-1.4832382,0.030883789,-0.7836914
0.17279053,2.0638657,1.2424316,0.7644043
0.17279053,2.0638657,1.2424316,0.7644043
0.17279053,2.0638657,1.2424316,0.7644043
0.17279053,2.0638657,1.2424316,0.7644043
0.72180176,2.046936,1.7821045,1.578125
2.03479,1.6984634,2.64563,4.7248535
2.03479,1.6984634,2.64563,4.7248535
2.9197998,3.7218704,5.387085,3.1379395
1.3808594,-0.0628891,-0.14282227,-0.23632812
0.6489868,1.3690948,0.51660156,1.5136719
0.92388916,1.5002823,2.1085205,3.0129395
0.92388916,1.5002823,2.1085205,3.0129395
-0.56365967,-2.0297241,-3.050537,-0.041503906
-1.2036743,-0.9530716,-0.19689941,2.0280762
0.57025146,0.3690338,1.739502,5.1567383
-0.048461914,1.6062927,2.7913818,5.793701
-0.018188477,0.29358673,1.1690674,4.4938965
-0.018188477,0.29358673,1.1690674,4.4938965
0.53430176,0.4224167,3.2259521,6.295166
0.57025146,0.3690338,1.739502,5.1567383
0.075683594,2.1878662,5.8131104,7.440918
0.075683594,2.1878662,5.8131104,7.440918
0.075683594,2.1878662,5.8131104,7.440918
0.075683594,2.1878662,5.8131104,7.440918
0.075683594,2.1878662,5.8131104,7.440918
-0.34362793,3.2761688,6.1898193,6.5004883
1.2480469,5.112114,7.673584,7.525879
1.2480469,5.112114,7.673584,7.525879
4.434387,7.421692,7.7301025,7.88501
4.039551,7.756653,7.477417,7.3466797
3.6656494,6.834259,7.192505,7.046875
3.7996826,6.2417603,6.067871,6.145508
3.7996826,6.2417603,6.067871,6.145508
3.4033813,3.2226715,3.0854492,3.1484375
3.4033813,3.2226715,3.0854492,3.1484375
3.4033813,3.2226715,3.0854492,3.1484375
3.2697144,3.8149872,4.211792,4.047119
0.6130371,1.0678024,1.5368652,2.6098633
0.095581055,-0.31160736,-0.73864746,0.32470703
